CRIM,ZN,INDUS,CHAS,NOX,RM,AGE,DIS,RAD,TAX,PTRATIO,B,LSTAT,MEDV,RM2,LSTAT_bin,CRIM_log,PRICE_per_ROOM
0.00632,18.0,2.31,0,0.538,6.575,65.2,4.09,1,296.0,15.3,396.9,4.98,24.0,43.230625,0,0.006300112548479854,3.650190114068441
0.02731,0.0,7.07,0,0.469,6.421,78.9,4.9671,2,242.0,17.8,396.9,9.14,21.6,41.229241,1,0.026943735447546184,3.363961999688522
0.02729,0.0,7.07,0,0.469,7.185,61.1,4.9671,2,242.0,17.8,392.83,4.03,34.7,51.624224999999996,0,0.026924266937859983,4.829505915100905
0.03237,0.0,2.18,0,0.458,6.998,45.8,6.0622,3,222.0,18.7,394.63,2.94,33.4,48.972004000000005,0,0.031857129935659596,4.7727922263503855
0.06905,0.0,2.18,0,0.458,7.147,54.2,6.0622,3,222.0,18.7,396.9,5.33,36.2,51.079609000000005,0,0.06677040363385237,5.065062263886945
0.02985,0.0,2.18,0,0.458,6.43,58.7,6.0622,3,222.0,18.7,394.12,5.21,28.7,41.344899999999996,0,0.029413160568349615,4.463452566096423
0.08829,12.5,7.87,0,0.524,6.012,66.6,5.5605,5,311.0,15.2,395.6,12.43,22.9,36.144144,2,0.08460765703482563,3.8090485695276115
0.14455,12.5,7.87,0,0.524,6.172,96.1,5.9505,5,311.0,15.2,396.9,19.15,27.1,38.093584,4,0.13501154665587695,4.390797148412185
0.21124,12.5,7.87,0,0.524,5.631,100.0,6.0821,5,311.0,15.2,386.63,29.93,16.5,31.708161000000004,4,0.19164462825480602,2.9302077783697387
0.17004,12.5,7.87,0,0.524,6.004,85.9,6.5921,5,311.0,15.2,386.71,17.1,18.9,36.048016,3,0.15703793625945525,3.1479013990672886
0.22489,12.5,7.87,0,0.524,6.377,94.3,6.3467,5,311.0,15.2,392.52,20.45,15.0,40.666129,4,0.20285104404642812,2.352203230359103
0.11747,12.5,7.87,0,0.524,6.009,82.9,6.2267,5,311.0,15.2,396.9,13.27,18.9,36.108081000000006,2,0.11106720150765238,3.1452820768846728
0.09378,12.5,7.87,0,0.524,5.889,39.0,5.4509,5,311.0,15.2,390.5,15.71,21.7,34.680321,3,0.08963958688495932,3.6848361351672607
0.62976,0.0,8.14,0,0.538,5.949,61.8,4.7075,4,307.0,21.0,396.9,8.26,20.4,35.390601,1,0.48843276471410274,3.4291477559253654
0.63796,0.0,8.14,0,0.538,6.096,84.5,4.4619,4,307.0,21.0,380.02,10.26,18.2,37.161216,2,0.493451565108284,2.985564304461942
0.62739,0.0,8.14,0,0.538,5.834,56.5,4.4986,4,307.0,21.0,395.62,8.47,19.9,34.03555599999999,1,0.4869775044907406,3.4110387384298937
1.05393,0.0,8.14,0,0.538,5.935,29.3,4.4986,4,307.0,21.0,386.85,6.58,23.1,35.224225,1,0.719755031081429,3.892165122156698
0.7842,0.0,8.14,0,0.538,5.99,81.7,4.2579,4,307.0,21.0,386.75,14.67,17.5,35.880100000000006,3,0.5789701354975461,2.9215358931552586
0.80271,0.0,8.14,0,0.538,5.456,36.6,3.7965,4,307.0,21.0,344.10624999999993,11.69,20.2,29.767936000000006,2,0.5892910882451726,3.702346041055718
0.7258,0.0,8.14,0,0.538,5.727,69.5,3.7965,4,307.0,21.0,390.95,11.28,18.2,32.798529,2,0.5456907110920701,3.1779291077352885
1.25179,0.0,8.14,0,0.538,5.57,98.1,3.7979,4,307.0,21.0,376.57,21.02,13.6,31.024900000000002,4,0.8117254554853013,2.4416517055655294
0.85204,0.0,8.14,0,0.538,5.965,89.2,4.0123,4,307.0,21.0,392.53,13.83,19.6,35.581224999999996,3,0.6162877342628865,3.285834031852473
1.23247,0.0,8.14,0,0.538,6.142,91.7,3.9769,4,307.0,21.0,396.9,18.72,15.2,37.724164,4,0.8031085958282843,2.4747639205470526
0.98843,0.0,8.14,0,0.538,5.813,100.0,4.0952,4,307.0,21.0,394.54,19.88,14.5,33.790969,4,0.6873453826321089,2.494409083089627
0.75026,0.0,8.14,0,0.538,5.924,94.1,4.3996,4,307.0,21.0,394.33,16.3,15.6,35.093776000000005,3,0.5597643483283525,2.6333558406482105
0.84054,0.0,8.14,0,0.538,5.599,85.7,4.4546,4,307.0,21.0,344.10624999999993,16.51,13.9,31.348801,3,0.6100590068254429,2.4825861761028754
0.67191,0.0,8.14,0,0.538,5.813,90.3,4.682,4,307.0,21.0,376.88,14.81,16.6,33.790969,3,0.5139666854625483,2.855668329606056
0.95577,0.0,8.14,0,0.538,6.047,88.8,4.4534,4,307.0,21.0,344.10624999999993,17.28,14.8,36.56620899999999,3,0.6707839777866772,2.4474946254341
0.77299,0.0,8.14,0,0.538,6.495,94.4,4.4547,4,307.0,21.0,387.94,12.8,18.4,42.185025,2,0.5726673869182406,2.8329484218629712
1.00245,0.0,8.14,0,0.538,6.674,87.3,4.239,4,307.0,21.0,380.23,11.98,21.0,44.54227600000001,2,0.6943714308596382,3.1465388073119565
1.13081,0.0,8.14,0,0.538,5.713,94.1,4.233,4,307.0,21.0,360.17,22.6,12.7,32.638369000000004,4,0.7565021891227188,2.2230001750393837
1.35472,0.0,8.14,0,0.538,6.072,100.0,4.175,4,307.0,21.0,376.73,13.04,14.5,36.869184000000004,2,0.8564218244336657,2.388010540184453
1.38799,0.0,8.14,0,0.538,5.95,82.0,3.99,4,307.0,21.0,344.10624999999993,27.71,13.2,35.4025,4,0.8704520079168975,2.218487394957983
1.15172,0.0,8.14,0,0.538,5.701,95.0,3.7872,4,307.0,21.0,358.77,18.35,13.1,32.501400999999994,4,0.7662675223101358,2.2978424837747764
1.61282,0.0,8.14,0,0.538,6.096,96.9,3.7598,4,307.0,21.0,344.10624999999993,20.34,13.5,37.161216,4,0.9604300978281596,2.2145669291338583
0.06417,0.0,5.96,0,0.499,5.933,68.2,3.3603,5,279.0,19.2,396.9,9.68,18.9,35.200489,2,0.06219515259296706,3.185572223158604
0.09744,0.0,5.96,0,0.499,5.841,61.4,3.3779,5,279.0,19.2,377.56,11.41,20.0,34.117281000000006,2,0.0929801947688742,3.42407122068139
0.08014,0.0,5.96,0,0.499,5.85,41.5,3.9342,5,279.0,19.2,396.9,8.77,21.0,34.2225,1,0.07709066236456355,3.58974358974359
0.17505,0.0,5.96,0,0.499,5.966,30.2,3.8473,5,279.0,19.2,393.43,10.13,24.7,35.593156,2,0.1613106998822503,4.140127388535031
0.02763,31.25,2.95,0,0.428,6.595,21.8,5.4011,3,252.0,18.3,395.63,4.32,30.8,43.49402499999999,0,0.02725518006645146,4.6702047005307055
0.03359,31.25,2.95,0,0.428,7.024,15.8,5.4011,3,252.0,18.3,395.62,1.98,34.9,49.336576,0,0.03303817907679737,4.968678815489749
0.12744,0.0,6.91,0,0.448,6.77,2.9,5.7209,3,233.0,17.9,385.41,4.84,26.6,45.832899999999995,0,0.11994957590111856,3.9290989660265883
0.1415,0.0,6.91,0,0.448,6.169,6.6,5.7209,3,233.0,17.9,383.37,5.81,25.3,38.056560999999995,0,0.13234318698771316,4.101150915869671
0.15936,0.0,6.91,0,0.448,6.211,6.5,5.7209,3,233.0,17.9,394.46,7.44,24.7,38.57652100000001,1,0.14786812872457536,3.9768153276445015
0.12269,0.0,6.91,0,0.448,6.069,40.0,5.7209,3,233.0,17.9,389.39,9.55,21.2,36.832761,2,0.11572759134397043,3.493161970670621
0.17142,0.0,6.91,0,0.448,5.682,33.8,5.1004,3,233.0,17.9,396.9,10.21,19.3,32.285124,2,0.15821668811495349,3.3966913058782118
0.18836,0.0,6.91,0,0.448,5.786,33.3,5.1004,3,233.0,17.9,396.9,14.15,20.0,33.477796,3,0.17257420533907458,3.4566194262011756
0.22927,0.0,6.91,0,0.448,6.03,85.5,5.6894,3,233.0,17.9,392.74,18.8,16.6,36.3609,4,0.20642049726093953,2.7529021558872304
0.25387,0.0,6.91,0,0.448,5.399,95.3,5.87,3,233.0,17.9,396.9,30.81,14.4,29.149201,4,0.2262347685752403,2.667160585293573
0.21977,0.0,6.91,0,0.448,5.602,62.0,6.0877,3,233.0,17.9,396.9,16.2,19.4,31.382404000000005,3,0.1986623163820069,3.463048911103177
0.08873,21.0,5.64,0,0.439,5.963,45.7,6.8147,4,243.0,16.8,395.56,13.45,19.7,35.557369,3,0.0850118793258392,3.303706188160322
0.04337,21.0,5.64,0,0.439,6.115,63.0,6.8147,4,243.0,16.8,393.97,9.43,20.5,37.393225,1,0.04245585903639239,3.3524121013900245
0.0536,21.0,5.64,0,0.439,6.511,21.1,6.8147,4,243.0,16.8,396.9,5.28,25.0,42.393121,0,0.05221287144693424,3.8396559668253722
0.04981,21.0,5.64,0,0.439,5.998,21.4,6.8147,4,243.0,16.8,396.9,8.43,23.4,35.976004,1,0.04860919541462225,3.9013004334778256
0.0136,31.25,4.0,0,0.41,5.888,47.6,7.3197,3,469.0,21.1,396.9,14.8,18.9,34.668544,3,0.013508350024792243,3.209918478260869
0.01311,31.25,1.22,0,0.403,7.249,21.9,8.6966,5,226.0,17.9,395.93,4.81,35.4,52.54800099999999,0,0.013024807722689456,4.883432197544489
0.02055,31.25,0.74,0,0.41,6.383,35.7,9.1876,2,313.0,17.3,396.9,5.77,24.7,40.742689,0,0.02034169765791456,3.8696537678207736
0.01432,31.25,1.32,0,0.411,6.816,40.5,8.3248,5,256.0,15.1,392.9,3.95,31.6,46.457856,0,0.0142184372375555,4.636150234741784
0.15445,25.0,5.13,0,0.453,6.145,29.2,7.8148,8,284.0,19.7,390.68,6.86,23.3,37.761025,1,0.1436240400828755,3.7917005695687553
0.10328,25.0,5.13,0,0.453,5.927,47.2,6.932,8,284.0,19.7,396.9,9.22,19.6,35.129329,1,0.09828756118394519,3.306900624261853
0.14932,25.0,5.13,0,0.453,5.741,66.2,7.2254,8,284.0,19.7,395.11,13.15,18.7,32.959081,2,0.13917046313797143,3.2572722522208677
0.17171,25.0,5.13,0,0.453,5.966,93.4,6.8185,8,284.0,19.7,378.08,14.44,16.0,35.593156,3,0.15846422026338805,2.681863895407308
0.11027,25.0,5.13,0,0.453,6.456,67.8,7.2255,8,284.0,19.7,396.9,6.73,22.2,41.679936000000005,1,0.1046032289886448,3.4386617100371746
0.1265,25.0,5.13,0,0.453,6.762,43.4,7.9809,8,284.0,19.7,395.58,9.5,25.0,45.72464399999999,1,0.11911548089016206,3.6971310263235733
0.01951,17.5,1.38,0,0.4161,7.104,59.5,9.2229,3,216.0,18.6,393.24,8.05,33.0,50.466816,1,0.019322119714037037,4.64527027027027
0.03584,31.25,3.37,0,0.398,6.29,17.8,6.6115,4,337.0,16.1,396.9,4.67,23.5,39.5641,0,0.03521269175574247,3.7360890302066774
0.04379,31.25,3.37,0,0.398,5.787,31.1,6.6115,4,337.0,16.1,396.9,10.24,19.4,33.489368999999996,2,0.042858319801900656,3.3523414549853117
0.05789,12.5,6.07,0,0.409,5.878,21.4,6.498,4,345.0,18.9,396.21,8.1,22.0,34.550884,1,0.05627635827662477,3.74276964954066
0.13554,12.5,6.07,0,0.409,5.594,36.8,6.498,4,345.0,18.9,396.9,13.09,17.4,31.292836000000005,2,0.1271083087153749,3.1104755094744365
0.12816,12.5,6.07,0,0.409,5.885,33.0,6.498,4,345.0,18.9,396.9,8.79,20.9,34.633224999999996,1,0.1205879869885934,3.5514018691588785
0.08826,0.0,10.81,0,0.413,6.417,6.6,5.2873,4,305.0,19.2,383.73,6.72,24.2,41.177889,1,0.08458009047306331,3.7712326632382736
0.15876,0.0,10.81,0,0.413,5.961,17.5,5.2873,4,305.0,19.2,376.94,9.88,21.7,35.533521,2,0.14735046784990224,3.6403288038919643
0.09164,0.0,10.81,0,0.413,6.065,7.8,5.2873,4,305.0,19.2,390.91,5.52,22.8,36.784225000000006,0,0.08768115263983375,3.7592745259686726
0.19539,0.0,10.81,0,0.413,6.245,6.2,5.2873,4,305.0,19.2,377.17,7.54,23.4,39.000025,1,0.17847249197232393,3.7469975980784627
0.07896,0.0,12.83,0,0.437,6.273,6.0,4.2515,5,398.0,18.7,394.92,6.78,24.1,39.350528999999995,1,0.07599761422646512,3.8418619480312453
0.09512,0.0,12.83,0,0.437,6.286,45.0,4.5026,5,398.0,18.7,383.23,8.94,21.4,39.51379599999999,1,0.09086394630511975,3.404390709513204
0.10153,0.0,12.83,0,0.437,6.279,74.5,4.0522,5,398.0,18.7,373.66,11.97,20.0,39.425841,2,0.09670012247721363,3.1852205765249244
0.08707,0.0,12.83,0,0.437,6.14,45.8,4.0905,5,398.0,18.7,386.96,10.27,20.8,37.6996,2,0.08348600348975033,3.3876221498371337
0.05646,0.0,12.83,0,0.437,6.232,53.7,5.0141,5,398.0,18.7,386.4,12.34,21.2,38.837824000000005,2,0.054923696495899246,3.4017971758664953
0.08387,0.0,12.83,0,0.437,5.874,36.6,4.5026,5,398.0,18.7,396.06,9.1,20.3,34.503876,1,0.08053796962647085,3.4559073884916587
0.04113,25.0,4.86,0,0.426,6.727,33.5,5.4007,4,281.0,19.0,396.9,5.29,28.0,45.252529,0,0.04030666175913415,4.1623309053069715
0.04462,25.0,4.86,0,0.426,6.619,70.4,5.4007,4,281.0,19.0,395.63,7.22,23.9,43.811161,1,0.043653182921403064,3.610817344009669
0.03659,25.0,4.86,0,0.426,6.302,32.2,5.4007,4,281.0,19.0,396.9,6.72,24.8,39.71520399999999,1,0.03593647980430559,3.935258648048239
0.03551,25.0,4.86,0,0.426,6.167,46.7,5.4007,4,281.0,19.0,390.64,7.51,22.9,38.031889,1,0.03489405897732069,3.713312793903032
0.05059,0.0,4.49,0,0.449,6.389,48.0,4.7794,3,247.0,18.5,396.9,9.62,23.9,40.819321,2,0.04935191112196916,3.740804507747691
0.05735,0.0,4.49,0,0.449,6.63,56.1,4.4377,3,247.0,18.5,392.3,6.53,26.6,43.9569,1,0.055765777905857246,4.012066365007541
0.05188,0.0,4.49,0,0.449,6.015,45.1,4.4272,3,247.0,18.5,395.99,12.86,22.5,36.18022499999999,2,0.050579039368154076,3.7406483790523692
0.07151,0.0,4.49,0,0.449,6.121,56.8,3.7476,3,247.0,18.5,395.15,8.44,22.2,37.466641,1,0.06906886859909778,3.6268583564776993
0.0566,0.0,3.41,0,0.489,7.007,86.3,3.4217,2,270.0,17.8,396.9,5.5,23.6,49.098048999999996,0,0.0550562057480784,3.3680605109176542
0.05302,0.0,3.41,0,0.489,7.079,63.1,3.4145,2,270.0,17.8,396.06,5.7,28.7,50.112241,0,0.051662226323793706,4.054244949851674
0.04684,0.0,3.41,0,0.489,6.417,66.1,3.0923,2,270.0,17.8,392.18,8.81,22.6,41.177889,1,0.0457761026365836,3.5218949664952475
0.03932,0.0,3.41,0,0.489,6.405,73.9,3.0921,2,270.0,17.8,393.55,8.2,22.0,41.024025,1,0.038566653148816674,3.4348165495706477
0.04203,28.0,15.04,0,0.464,6.442,53.6,3.6659,4,270.0,18.2,395.01,8.16,22.9,41.499364,1,0.0411707337036766,3.5547966470040357
0.02875,28.0,15.04,0,0.464,6.211,28.9,3.6659,4,270.0,18.2,396.33,6.21,25.0,38.57652100000001,0,0.028344473009142515,4.025116728385123
0.04294,28.0,15.04,0,0.464,6.249,77.3,3.615,4,270.0,18.2,396.9,10.59,20.6,39.050000999999995,2,0.04204364799767933,3.296527444391103
0.12204,0.0,2.89,0,0.445,6.625,57.8,3.4952,2,276.0,18.0,357.98,6.65,28.4,43.890625,1,0.11514845708892209,4.286792452830189
0.11504,0.0,2.89,0,0.445,6.163,69.6,3.4952,2,276.0,18.0,391.83,11.34,21.4,37.982569000000005,2,0.10889027870807165,3.472334901833522
0.12083,0.0,2.89,0,0.445,7.730500000000001,76.0,3.4952,2,276.0,18.0,396.9,4.21,36.962500000000006,59.76063025000001,0,0.11406948227773037,4.781385421382835
0.08187,0.0,2.89,0,0.445,7.730500000000001,36.9,3.4952,2,276.0,18.0,393.53,3.57,36.962500000000006,59.76063025000001,0,0.0786910253316489,4.781385421382835
0.0686,0.0,2.89,0,0.445,7.416,62.5,3.4952,2,276.0,18.0,396.9,6.19,33.2,54.99705600000001,0,0.06634938054153391,4.4768069039913705
0.14866,0.0,8.56,0,0.52,6.727,79.9,2.7778,5,384.0,20.9,394.76,9.42,27.5,45.252529,1,0.13859604559025773,4.088003567712204
0.11432,0.0,8.56,0,0.52,6.781,71.3,2.8561,5,384.0,20.9,395.58,7.67,26.5,45.981961,1,0.10824435339763891,3.907978174310574
0.22876,0.0,8.56,0,0.52,6.405,85.4,2.7147,5,384.0,20.9,344.10624999999993,10.63,18.6,41.024025,2,0.20600553079810677,2.9039812646370025
0.21161,0.0,8.56,0,0.52,6.137,87.4,2.7147,5,384.0,20.9,394.47,13.44,19.3,37.662769,3,0.19195005368591092,3.144859051653903
0.1396,0.0,8.56,0,0.52,6.167,90.0,2.421,5,384.0,20.9,392.69,12.33,20.1,38.031889,2,0.1306773236416162,3.2592832819847577
0.13262,0.0,8.56,0,0.52,5.851,96.7,2.1069,5,384.0,20.9,394.05,16.47,19.5,34.234201,3,0.12453353302656035,3.3327636301486927
0.1712,0.0,8.56,0,0.52,5.836,91.9,2.211,5,384.0,20.9,395.67,18.66,19.5,34.058896000000004,4,0.15802886422491005,3.3413296778615487
0.13117,0.0,8.56,0,0.52,6.127,85.2,2.1224,5,384.0,20.9,387.69,14.09,20.4,37.540129,3,0.12325249529930257,3.329525053043904
0.12802,0.0,8.56,0,0.52,6.474,97.1,2.4329,5,384.0,20.9,395.24,12.27,19.8,41.912676000000005,2,0.12046388341513765,3.0583873957367933
0.26363,0.0,8.56,0,0.52,6.229,91.2,2.5451,5,384.0,20.9,391.23,15.55,19.4,38.800441,3,0.23398853135437192,3.11446460105956
0.10793,0.0,8.56,0,0.52,6.195,54.4,2.7778,5,384.0,20.9,393.49,13.0,21.7,38.378025,2,0.1024934094340411,3.502824858757062
0.10084,0.0,10.01,0,0.547,6.715,81.6,2.6775,6,432.0,17.8,395.59,10.16,22.8,45.091225,2,0.09607352474606409,3.395383469843634
0.12329,0.0,10.01,0,0.547,5.913,92.9,2.3534,6,432.0,17.8,394.95,16.21,18.8,34.963569,3,0.11626187928444467,3.1794351429054624
0.22212,0.0,10.01,0,0.547,6.092,95.4,2.548,6,432.0,17.8,396.9,17.09,18.7,37.112463999999996,3,0.20058705560079915,3.0695994747209454
0.14231,0.0,10.01,0,0.547,6.254,84.2,2.2565,6,432.0,17.8,388.74,10.45,18.5,39.11251599999999,2,0.13305252798715148,2.9581068116405502
0.17134,0.0,10.01,0,0.547,5.928,88.2,2.4631,6,432.0,17.8,344.91,15.76,18.3,35.141184,3,0.15814839260023486,3.087044534412956
0.13158,0.0,10.01,0,0.547,6.176,72.5,2.7301,6,432.0,17.8,393.3,12.04,21.2,38.142976000000004,2,0.12361488619930212,3.432642487046632
0.15098,0.0,10.01,0,0.547,6.021,82.6,2.7474,6,432.0,17.8,394.51,10.3,19.2,36.252441,2,0.1406137533941644,3.1888390632785253
0.13058,0.0,10.01,0,0.547,5.872,73.1,2.4775,6,432.0,17.8,344.10624999999993,15.37,20.4,34.480384,3,0.12273077538031703,3.4741144414168934
0.14476,0.0,10.01,0,0.547,5.731,65.2,2.7592,6,432.0,17.8,391.5,13.61,19.3,32.844361,3,0.13519500804868875,3.367649624847322
0.06899,0.0,25.65,0,0.581,5.87,69.7,2.2577,2,188.0,19.1,389.15,14.37,22.0,34.456900000000005,3,0.06671427746220379,3.7478705281090288
0.07165,0.0,25.65,0,0.581,6.004,84.1,2.1974,2,188.0,19.1,377.67,14.27,20.3,36.048016,3,0.06919951680100443,3.3810792804796805
0.09299,0.0,25.65,0,0.581,5.961,92.9,2.0869,2,188.0,19.1,378.09,17.93,20.5,35.533521,3,0.08891706002171539,3.439020298607616
0.15038,0.0,25.65,0,0.581,5.856,97.0,1.9444,2,188.0,19.1,370.31,25.41,17.3,34.292736,4,0.14009232257621806,2.954234972677596
0.09849,0.0,25.65,0,0.581,5.879,95.8,2.0063,2,188.0,19.1,379.38,17.58,18.8,34.56264099999999,3,0.09393650947837956,3.197822758972615
0.16902,0.0,25.65,0,0.581,5.986,88.4,1.9929,2,188.0,19.1,385.02,14.81,21.4,35.832195999999996,3,0.15616579098344338,3.575008352823254
0.38735,0.0,25.65,0,0.581,5.613,95.6,1.7572,2,188.0,19.1,359.29,27.26,15.7,31.505769000000004,4,0.3273954526862417,2.797078211295207
0.25915,0.0,21.89,0,0.624,5.693,96.0,1.7883,4,437.0,21.2,392.11,17.19,16.2,32.41024899999999,3,0.23043689014167512,2.8455998594765504
0.32543,0.0,21.89,0,0.624,6.431,98.8,1.8125,4,437.0,21.2,396.9,15.39,18.0,41.357761,3,0.2817369350921532,2.7989426216762556
0.88125,0.0,21.89,0,0.624,5.637,94.7,1.9799,4,437.0,21.2,396.9,18.34,14.3,31.775768999999997,4,0.6319364495150488,2.536810360120632
0.34006,0.0,21.89,0,0.624,6.458,98.9,2.1185,4,437.0,21.2,395.04,12.6,19.2,41.705764,2,0.29271438907980246,2.9730566738928457
1.19294,0.0,21.89,0,0.624,6.326,97.7,2.271,4,437.0,21.2,396.9,12.26,19.6,40.01827599999999,2,0.7852431092803437,3.0983243755927923
0.59005,0.0,21.89,0,0.624,6.372,97.9,2.3274,4,437.0,21.2,385.76,11.12,23.0,40.602384,2,0.46376546227858856,3.6095417451349654
0.32982,0.0,21.89,0,0.624,5.822,95.4,2.4699,4,437.0,21.2,388.69,15.03,18.4,33.895684,3,0.2850435947287374,3.1604259704568873
0.97617,0.0,21.89,0,0.624,5.757,98.4,2.346,4,437.0,21.2,344.10624999999993,17.31,15.6,33.143049,3,0.6811606280137663,2.709744658676394
0.55778,0.0,21.89,0,0.624,6.335,98.2,2.1107,4,437.0,21.2,394.67,16.96,18.1,40.132225,3,0.44326173080273074,2.857142857142857
0.32264,0.0,21.89,0,0.624,5.942,93.5,1.9669,4,437.0,21.2,378.25,16.9,17.4,35.307364,3,0.2796297392609525,2.9283069673510598
0.35233,0.0,21.89,0,0.624,6.454,98.4,1.8498,4,437.0,21.2,394.08,14.59,17.1,41.654115999999995,3,0.3018290306776389,2.649519677719244
0.2498,0.0,21.89,0,0.624,5.857,98.2,1.6686,4,437.0,21.2,392.04,21.32,13.3,34.304449000000005,4,0.22298353851284425,2.2707870923681064
0.54452,0.0,21.89,0,0.624,6.151,97.9,1.6687,4,437.0,21.2,396.9,18.46,17.8,37.834801,4,0.43471318246714963,2.8938384002601207
0.2909,0.0,21.89,0,0.624,6.174,93.6,1.6119,4,437.0,21.2,388.08,24.16,14.0,38.118276,4,0.2553396495305266,2.2675736961451247
1.62864,0.0,21.89,0,0.624,5.019,100.0,1.4394,4,437.0,21.2,396.9,31.962500000000006,14.4,25.190361000000003,4,0.9664666021758896,2.8690974297668856
3.32105,0.0,19.58,1,0.871,5.403,100.0,1.3216,5,403.0,14.7,396.9,26.82,13.4,29.192408999999994,4,1.4634984282783583,2.480103646122525
4.0974,0.0,19.58,0,0.871,5.468,100.0,1.4118,5,403.0,14.7,396.9,26.42,15.6,29.899024,4,1.6287306058145095,2.852962692026335
2.77974,0.0,19.58,0,0.871,4.903,97.8,1.3459,5,403.0,14.7,396.9,29.29,11.8,24.039408999999996,4,1.3296552241970494,2.406689781766266
2.37934,0.0,19.58,0,0.871,6.13,100.0,1.4191,5,403.0,14.7,344.10624999999993,27.8,13.8,37.5769,4,1.2176804241557975,2.2512234910277327
2.15505,0.0,19.58,0,0.871,5.628,100.0,1.5166,5,403.0,14.7,344.10624999999993,16.65,15.6,31.674384,3,1.1490043437281394,2.7718550106609805
2.36862,0.0,19.58,0,0.871,4.926,95.7,1.4608,5,403.0,14.7,391.71,29.53,14.6,24.265476000000003,4,1.2145031649491107,2.9638652050345105
2.33099,0.0,19.58,0,0.871,5.186,93.8,1.5296,5,403.0,14.7,356.99,28.32,17.8,26.894596,4,1.2032695571055652,3.4323177786347863
2.73397,0.0,19.58,0,0.871,5.597,94.9,1.5257,5,403.0,14.7,351.85,21.45,15.4,31.326409000000005,4,1.317472010807663,2.751474003930677
1.6566,0.0,19.58,0,0.871,6.122,97.3,1.618,5,403.0,14.7,372.8,14.1,21.5,37.478884,3,0.977047109716266,3.511924207775237
1.49632,0.0,19.58,0,0.871,5.404,100.0,1.5916,5,403.0,14.7,344.10624999999993,13.28,19.6,29.203215999999998,2,0.9148176474178114,3.6269430051813476
1.12658,0.0,19.58,1,0.871,5.012,88.0,1.6102,5,403.0,14.7,344.10624999999993,12.12,15.3,25.120143999999996,2,0.754515055507092,3.052673583399841
2.14918,0.0,19.58,0,0.871,5.709,98.5,1.6232,5,403.0,14.7,344.10624999999993,15.79,19.4,32.592681,3,1.1471421014887528,3.398143282536346
1.41385,0.0,19.58,1,0.871,6.129,96.0,1.7494,5,403.0,14.7,344.10624999999993,15.12,17.0,37.564640999999995,3,0.8812229832136547,2.7736988089411
3.53501,0.0,19.58,1,0.871,6.152,82.6,1.7455,5,403.0,14.7,344.10624999999993,15.02,15.6,37.847104,3,1.5118272886363335,2.5357607282184653
2.44668,0.0,19.58,0,0.871,5.272,94.0,1.7364,5,403.0,14.7,344.10624999999993,16.14,13.1,27.793984000000002,3,1.2374114488766446,2.484825493171472
1.22358,0.0,19.58,0,0.605,6.943,97.4,1.8773,5,403.0,14.7,363.43,4.59,36.962500000000006,48.205248999999995,0,0.7991185096332698,5.323707331124875
1.34284,0.0,19.58,0,0.605,6.066,100.0,1.7573,5,403.0,14.7,353.89,6.43,24.3,36.796355999999996,1,0.8513638686748988,4.005934718100891
1.42502,0.0,19.58,0,0.871,6.51,100.0,1.7659,5,403.0,14.7,364.31,7.39,23.3,42.3801,1,0.8858397717781171,3.579109062980031
1.27346,0.0,19.58,1,0.605,6.25,92.6,1.7984,5,403.0,14.7,344.10624999999993,5.5,27.0,39.0625,0,0.8213029001101178,4.32
1.46336,0.0,19.58,0,0.605,7.489,90.8,1.9709,5,403.0,14.7,374.43,1.73,36.962500000000006,56.085121,0,0.9015262716731895,4.935572172519697
1.83377,0.0,19.58,1,0.605,7.730500000000001,98.2,2.0407,5,403.0,14.7,389.61,1.92,36.962500000000006,59.76063025000001,0,1.0416079806003153,4.781385421382835
1.51902,0.0,19.58,1,0.605,7.730500000000001,93.9,2.162,5,403.0,14.7,388.45,3.32,36.962500000000006,59.76063025000001,0,0.9238699369975489,4.781385421382835
2.24236,0.0,19.58,0,0.605,5.854,91.8,2.422,5,403.0,14.7,395.11,11.64,22.7,34.269316,2,1.176301459715032,3.87769046805603
2.924,0.0,19.58,0,0.605,6.101,93.0,2.2834,5,403.0,14.7,344.10624999999993,9.81,25.0,37.222201,2,1.3671115417031166,4.097688903458449
2.01019,0.0,19.58,0,0.605,7.730500000000001,96.2,2.0459,5,403.0,14.7,369.3,3.7,36.962500000000006,59.76063025000001,0,1.1020031996922046,4.781385421382835
1.80028,0.0,19.58,0,0.605,5.877,79.2,2.4259,5,403.0,14.7,344.10624999999993,12.14,23.8,34.539128999999996,2,1.0297194121814914,4.0496852135443255
2.3004,0.0,19.58,0,0.605,6.319,96.1,2.1,5,403.0,14.7,344.10624999999993,11.1,23.8,39.929761,2,1.194043673248051,3.766418737141953
2.44953,0.0,19.58,0,0.605,6.402,95.2,2.2625,5,403.0,14.7,344.10624999999993,11.32,22.3,40.985604,2,1.2382379898788045,3.483286472977195
1.20742,0.0,19.58,0,0.605,5.875,94.6,2.4259,5,403.0,14.7,344.10624999999993,14.43,17.4,34.515625,3,0.7918244127486899,2.9617021276595743
2.3139,0.0,19.58,0,0.605,5.88,97.3,2.3887,5,403.0,14.7,348.13,12.03,19.1,34.5744,2,1.1981257435340087,3.2482993197278915
0.13914,0.0,4.05,0,0.51,5.572,88.5,2.5961,5,296.0,16.6,396.9,14.69,23.1,31.047184,3,0.13027359174921221,4.1457286432160805
0.09178,0.0,4.05,0,0.51,6.416,84.1,2.6463,5,296.0,16.6,395.5,9.04,23.6,41.16505600000001,1,0.08780939182440828,3.678304239401496
0.08447,0.0,4.05,0,0.51,5.859,68.7,2.7019,5,296.0,16.6,393.23,9.64,22.6,34.327881,2,0.08109138838488845,3.85731353473289
0.06664,0.0,4.05,0,0.51,6.546,33.1,3.1323,5,296.0,16.6,390.96,5.33,29.4,42.85011600000001,0,0.06451352082506596,4.491292392300641
0.07022,0.0,4.05,0,0.51,6.02,47.2,3.5549,5,296.0,16.6,393.23,10.11,23.2,36.240399999999994,2,0.06786423481612996,3.853820598006645
0.05425,0.0,4.05,0,0.51,6.315,73.4,3.3175,5,296.0,16.6,395.6,6.29,24.6,39.879225000000005,0,0.05282961364453219,3.8954869358669835
0.06642,0.0,4.05,0,0.51,6.86,74.4,2.9153,5,296.0,16.6,391.27,6.92,29.9,47.0596,1,0.06430724439516707,4.358600583090379
0.0578,0.0,2.46,0,0.488,6.98,58.4,2.829,3,193.0,17.8,396.9,5.04,36.962500000000006,48.720400000000005,0,0.05619127964974249,5.295487106017193
0.06588,0.0,2.46,0,0.488,7.730500000000001,83.3,2.741,3,193.0,17.8,395.56,7.56,36.962500000000006,59.76063025000001,1,0.06380074905066188,4.781385421382835
0.06888,0.0,2.46,0,0.488,6.144,62.2,2.5979,3,193.0,17.8,396.9,9.45,36.2,37.748736,1,0.06661137129850153,5.891927083333334
0.09103,0.0,2.46,0,0.488,7.155,92.2,2.7006,3,193.0,17.8,394.12,4.82,36.962500000000006,51.194025,0,0.087122204181403,5.165967854647101
0.10008,0.0,2.46,0,0.488,6.563,95.6,2.847,3,193.0,17.8,396.9,5.68,32.5,43.07296899999999,0,0.09538290443255226,4.952003656864239
0.08308,0.0,2.46,0,0.488,5.604,89.8,2.9879,3,193.0,17.8,391.0,13.98,26.4,31.404816,3,0.07980883417341514,4.710920770877944
0.06047,0.0,2.46,0,0.488,6.153,68.8,3.2797,3,193.0,17.8,387.11,13.15,29.6,37.85940899999999,2,0.058712206079331676,4.8106614659515685
0.05602,0.0,2.46,0,0.488,7.730500000000001,53.6,3.1992,3,193.0,17.8,392.63,4.45,36.962500000000006,59.76063025000001,0,0.05450712449866107,4.781385421382835
0.07875,31.25,3.44,0,0.437,6.782,41.1,3.7886,5,398.0,15.2,393.87,6.68,32.0,45.995524,1,0.07580296341550066,4.718372161604247
0.12579,31.25,3.44,0,0.437,6.556,29.1,4.5667,5,398.0,15.2,382.84,4.56,29.8,42.981136,0,0.11848501143594592,4.545454545454546
0.0837,31.25,3.44,0,0.437,7.185,38.9,4.5667,5,398.0,15.2,396.9,5.39,34.9,51.624224999999996,0,0.08038111194681245,4.857341684064022
0.09068,31.25,3.44,0,0.437,6.951,21.5,6.4798,5,398.0,15.2,377.68,5.1,36.962500000000006,48.31640099999999,0,0.08680135493654229,5.317580204287154
0.06911,31.25,3.44,0,0.437,6.739,30.8,6.4798,5,398.0,15.2,389.71,4.69,30.5,45.414121,0,0.06682652665553059,4.5258940495622495
0.08664,31.25,3.44,0,0.437,7.178,26.3,6.4798,5,398.0,15.2,390.49,2.87,36.4,51.523683999999996,0,0.08309036653209825,5.071050431875174
0.02187,31.25,2.93,0,0.401,6.8,9.9,6.2196,1,265.0,15.6,393.37,5.03,31.1,46.239999999999995,0,0.021634282125149704,4.5735294117647065
0.01439,31.25,2.93,0,0.401,6.604,18.8,6.2196,1,265.0,15.6,376.7,4.38,29.1,43.612816,0,0.01428744660806955,4.406420351302241
0.01381,31.25,0.46,0,0.422,7.730500000000001,32.0,5.6484,4,255.0,14.4,394.23,2.97,36.962500000000006,59.76063025000001,0,0.01371551088594122,4.781385421382835
0.04011,31.25,1.52,0,0.404,7.287,34.1,7.309,2,329.0,12.6,396.9,4.08,33.3,53.100369,0,0.039326476790879826,4.569781803211198
0.04666,31.25,1.52,0,0.404,7.107,36.6,7.309,2,329.0,12.6,354.31,8.61,30.3,50.509449000000004,1,0.04560414180501583,4.263402279442803
0.03768,31.25,1.52,0,0.404,7.274,38.3,7.309,2,329.0,12.6,392.2,6.62,34.6,52.911076,1,0.036987452050280596,4.756667583172945
0.0315,31.25,1.47,0,0.403,6.975,15.3,7.6534,3,402.0,17.0,396.9,4.56,34.9,48.650625,0,0.03101405352916946,5.003584229390681
0.01778,31.25,1.47,0,0.403,7.135,13.9,7.6534,3,402.0,17.0,384.3,4.45,32.9,50.908224999999995,0,0.017623784753549428,4.611072179397337
0.03445,31.25,2.03,0,0.415,6.162,38.4,6.27,2,348.0,14.7,393.77,7.43,24.1,37.970244,1,0.0338698845076152,3.9110678351184682
0.02177,31.25,2.03,0,0.415,7.61,15.7,6.27,2,348.0,14.7,395.38,3.11,36.962500000000006,57.9121,0,0.021536417530524612,4.857095926412615
0.0351,31.25,2.68,0,0.4161,7.730500000000001,33.2,5.118,4,224.0,14.7,392.78,3.81,36.962500000000006,59.76063025000001,0,0.034498040407567446,4.781385421382835
0.02009,31.25,2.68,0,0.4161,7.730500000000001,31.9,5.118,4,224.0,14.7,390.55,2.88,36.962500000000006,59.76063025000001,0,0.019890858697792765,4.781385421382835
0.13642,0.0,10.59,0,0.489,5.891,22.3,3.9454,4,277.0,18.6,396.9,10.87,22.6,34.703881,2,0.12788297027984558,3.8363605499915128
0.22969,0.0,10.59,0,0.489,6.326,52.5,4.3549,4,277.0,18.6,394.87,10.97,24.4,40.01827599999999,2,0.20676210509846787,3.857097692064496
0.25199,0.0,10.59,0,0.489,5.783,72.7,4.3549,4,277.0,18.6,389.43,18.06,22.5,33.44308900000001,3,0.22473428542556148,3.8907141621995502
0.13587,0.0,10.59,1,0.489,6.064,59.1,4.2392,4,277.0,18.6,381.32,14.66,24.4,36.772096,3,0.12739887713087175,4.0237467018469655
0.43571,0.0,10.59,1,0.489,5.344,100.0,3.875,4,277.0,18.6,396.9,23.09,20.0,28.558336000000004,4,0.3616595003706892,3.74251497005988
0.17446,0.0,10.59,1,0.489,5.96,92.1,3.8771,4,277.0,18.6,393.25,17.27,21.7,35.5216,3,0.1608084674913248,3.640939597315436
0.37578,0.0,10.59,1,0.489,5.404,88.6,3.665,4,277.0,18.6,395.24,23.98,19.3,29.203215999999998,4,0.31902084300745703,3.5714285714285716
0.21719,0.0,10.59,1,0.489,5.807,53.8,3.6526,4,277.0,18.6,390.94,16.03,22.4,33.72124900000001,3,0.19654492343019744,3.8574134665059407
0.14052,0.0,10.59,0,0.489,6.375,32.3,3.9454,4,277.0,18.6,385.81,9.38,28.1,40.640625,1,0.1314842987568961,4.407843137254902
0.28955,0.0,10.59,0,0.489,5.412,9.8,3.5875,4,277.0,18.6,348.93,29.55,23.7,29.289744,4,0.2542933203064257,4.3791574279379155
0.19802,0.0,10.59,0,0.489,6.182,42.4,3.9454,4,277.0,18.6,393.63,9.47,25.0,38.217124000000005,1,0.18067019404472417,4.043998705920414
0.0456,0.0,13.89,1,0.55,5.888,56.0,3.1121,5,276.0,16.4,392.8,13.51,23.3,34.668544,3,0.04459088332787514,3.957201086956522
0.07013,0.0,13.89,0,0.55,6.642,85.1,3.4211,5,276.0,16.4,392.78,9.69,28.7,44.116164000000005,2,0.06778013642095809,4.320987654320987
0.11069,0.0,13.89,1,0.55,5.951,93.8,2.8893,5,276.0,16.4,396.9,17.92,21.5,35.414401,3,0.1049814438191745,3.612838178457402
0.11425,0.0,13.89,1,0.55,6.373,92.4,3.3633,5,276.0,16.4,393.74,10.5,23.0,40.615129,2,0.10818153284452815,3.6089753648203358
0.35809,0.0,6.2,1,0.507,6.951,88.5,2.8617,8,307.0,17.4,391.7,9.71,26.7,48.31640099999999,2,0.3060793008727377,3.841173931808373
0.40771,0.0,6.2,1,0.507,6.164,91.3,3.048,8,307.0,17.4,395.24,21.46,21.7,37.994896,4,0.341964270612869,3.5204412719013627
0.62356,0.0,6.2,1,0.507,6.879,77.7,3.2721,8,307.0,17.4,390.39,9.93,27.5,47.320640999999995,2,0.4846212690691169,3.9976740805349618
0.6147,0.0,6.2,0,0.507,6.618,80.8,3.2721,8,307.0,17.4,396.9,7.6,30.1,43.797924,1,0.47914918090543834,4.548201873677848
0.31533,0.0,6.2,0,0.504,7.730500000000001,78.3,2.8944,8,307.0,17.4,385.05,4.14,36.962500000000006,59.76063025000001,0,0.2740875847172427,4.781385421382835
0.52693,0.0,6.2,0,0.504,7.730500000000001,83.0,2.8944,8,307.0,17.4,382.0,4.63,36.962500000000006,59.76063025000001,0,0.4232591836664219,4.781385421382835
0.38214,0.0,6.2,0,0.504,7.730500000000001,86.5,3.2157,8,307.0,17.4,387.38,3.13,36.962500000000006,59.76063025000001,0,0.32363302267493305,4.781385421382835
0.41238,0.0,6.2,0,0.504,7.163,79.9,3.2157,8,307.0,17.4,372.08,6.36,31.6,51.308569000000006,1,0.3452762246773023,4.4115594024849925
0.29819,0.0,6.2,0,0.504,7.686,17.0,3.3751,8,307.0,17.4,377.51,3.92,36.962500000000006,59.074596,0,0.2609709866142154,4.8090684361176175
0.44178,0.0,6.2,0,0.504,6.552,21.4,3.3751,8,307.0,17.4,380.34,3.76,31.5,42.928703999999996,0,0.36587846134267826,4.807692307692308
0.537,0.0,6.2,0,0.504,5.981,68.1,3.6715,8,307.0,17.4,378.35,11.65,24.3,35.772361,2,0.4298324645564588,4.062865741514797
0.46296,0.0,6.2,0,0.504,7.412,76.9,3.6715,8,307.0,17.4,376.14,5.25,31.7,54.937744,0,0.3804617805842404,4.276848354020507
0.57529,0.0,6.2,0,0.507,7.730500000000001,73.3,3.8384,8,307.0,17.4,385.91,2.47,36.962500000000006,59.76063025000001,0,0.4544393823124307,4.781385421382835
0.33147,0.0,6.2,0,0.507,7.730500000000001,70.4,3.6519,8,307.0,17.4,378.95,3.95,36.962500000000006,59.76063025000001,0,0.2862835950379259,4.781385421382835
0.44791,0.0,6.2,1,0.507,6.726,66.5,3.6519,8,307.0,17.4,360.2,8.05,29.0,45.239076,1,0.37012113733570884,4.311626523936961
0.33045,0.0,6.2,0,0.507,6.086,61.5,3.6519,8,307.0,17.4,376.75,10.88,24.0,37.039396,2,0.2855172308722698,3.9434768320736113
0.52058,0.0,6.2,1,0.507,6.631,76.5,4.148,8,307.0,17.4,388.45,9.54,25.1,43.970161000000004,2,0.41909184102282127,3.7852510933494194
0.51183,0.0,6.2,0,0.507,7.358,71.6,4.148,8,307.0,17.4,390.07,4.73,31.5,54.14016399999999,0,0.4133208375737469,4.281054634411525
0.08244,30.0,4.93,0,0.428,6.481,18.5,6.1899,6,300.0,16.6,379.41,6.36,23.7,42.003361,1,0.07921775210662887,3.6568430797716402
0.09252,30.0,4.93,0,0.428,6.606,42.2,6.1899,6,300.0,16.6,383.78,7.37,23.3,43.639236,1,0.08848695445619936,3.5270965788676962
0.11329,30.0,4.93,0,0.428,6.897,54.3,6.3361,6,300.0,16.6,391.25,11.38,22.0,47.568609,2,0.10731959540732398,3.189792663476874
0.10612,30.0,4.93,0,0.428,6.095,65.1,6.3361,6,300.0,16.6,394.62,12.4,20.1,37.149024999999995,2,0.10085839631038275,3.2977850697292865
0.1029,30.0,4.93,0,0.428,6.358,52.9,7.0355,6,300.0,16.6,372.75,11.22,22.2,40.424164,2,0.09794307432996419,3.4916640452972634
0.12757,30.0,4.93,0,0.428,6.393,7.8,7.0355,6,300.0,16.6,374.71,5.19,23.7,40.870449,0,0.12006487472475483,3.7071797278273113
0.20608,22.0,5.86,0,0.431,5.593,76.5,7.9549,7,330.0,19.1,372.49,12.5,17.6,31.281648999999998,2,0.18737543109663357,3.1467906311460756
0.19133,22.0,5.86,0,0.431,5.605,70.2,7.9549,7,330.0,19.1,389.13,18.46,18.5,31.416025000000005,4,0.17507033007976175,3.300624442462087
0.33983,22.0,5.86,0,0.431,6.108,34.9,8.0555,7,330.0,19.1,390.18,9.16,24.3,37.307663999999995,1,0.2925427402430482,3.978388998035364
0.19657,22.0,5.86,0,0.431,6.226,79.2,8.0555,7,330.0,19.1,376.14,10.15,20.5,38.763076,2,0.1794591306249127,3.2926437520077094
0.16439,22.0,5.86,0,0.431,6.433,49.1,7.8265,7,330.0,19.1,374.71,9.52,24.5,41.383489,1,0.1521973447384029,3.808487486398259
0.19073,22.0,5.86,0,0.431,6.718,17.5,7.8265,7,330.0,19.1,393.74,6.56,26.2,45.131524,1,0.17456656442088753,3.8999702292348912
0.1403,22.0,5.86,0,0.431,6.487,13.0,7.3967,7,330.0,19.1,396.28,5.9,24.4,42.081169,0,0.13129138568117568,3.7613688916294126
0.21409,22.0,5.86,0,0.431,6.438,8.9,7.3967,7,330.0,19.1,377.07,3.59,24.8,41.447843999999996,0,0.19399482498004605,3.852127990059025
0.08221,22.0,5.86,0,0.431,6.957,6.8,8.9067,7,330.0,19.1,386.09,3.53,29.6,48.399848999999996,0,0.07900524661995385,4.2547074888601415
0.36894,22.0,5.86,0,0.431,7.730500000000001,8.4,8.9067,7,330.0,19.1,396.9,3.54,36.962500000000006,59.76063025000001,0,0.3140367177344588,4.781385421382835
0.04819,31.25,3.64,0,0.392,6.108,32.0,9.2203,1,315.0,16.4,392.89,6.57,21.9,37.307663999999995,1,0.04706486717633035,3.5854616895874263
0.03548,31.25,3.64,0,0.392,5.876,19.1,9.2203,1,315.0,16.4,395.18,9.25,20.9,34.527376000000004,1,0.034865087326079396,3.5568413886997954
0.01538,31.25,3.75,0,0.394,7.454,34.2,6.3361,3,244.0,15.9,386.34,3.11,36.962500000000006,55.562115999999996,0,0.01526292666591237,4.958746981486451
0.61154,20.0,3.97,0,0.647,7.730500000000001,86.9,1.801,5,264.0,13.0,389.7,5.12,36.962500000000006,59.76063025000001,0,0.47719024356009226,4.781385421382835
0.66351,20.0,3.97,0,0.647,7.333,100.0,1.8946,5,264.0,13.0,383.29,7.79,36.0,53.772889,1,0.508929827880027,4.909314059729987
0.65665,20.0,3.97,0,0.647,6.842,100.0,2.0107,5,264.0,13.0,391.93,6.9,30.1,46.812963999999994,1,0.5047974910276488,4.3992984507453965
0.54011,20.0,3.97,0,0.647,7.203,81.8,2.1121,5,264.0,13.0,392.8,9.59,33.8,51.883209,2,0.4318538424460674,4.692489240594196
0.53412,20.0,3.97,0,0.647,7.52,89.4,2.1398,5,264.0,13.0,388.37,7.26,36.962500000000006,56.550399999999996,1,0.42795692674339125,4.915226063829788
0.52014,20.0,3.97,0,0.647,7.730500000000001,91.5,2.2885,5,264.0,13.0,386.86,5.91,36.962500000000006,59.76063025000001,0,0.4188024358799136,4.781385421382835
0.82526,20.0,3.97,0,0.647,7.327,94.5,2.0788,5,264.0,13.0,393.42,11.25,31.0,53.684929,2,0.6017224426405977,4.2309267094308725
0.55007,20.0,3.97,0,0.647,7.206,91.6,1.9301,5,264.0,13.0,387.89,8.1,36.5,51.926436,1,0.4383000912017374,5.0652234249236745
0.76162,20.0,3.97,0,0.647,5.56,62.8,1.9865,5,264.0,13.0,392.4,10.45,22.8,30.913599999999995,2,0.5662338402369981,4.100719424460432
0.7857,20.0,3.97,0,0.647,7.014,84.6,2.1329,5,264.0,13.0,384.07,14.79,30.7,49.196196,3,0.579810495220942,4.376960364984317
0.57834,20.0,3.97,0,0.575,7.730500000000001,67.0,2.4216,5,264.0,13.0,384.54,7.44,36.962500000000006,59.76063025000001,1,0.45637366182584765,4.781385421382835
0.5405,20.0,3.97,0,0.575,7.47,52.6,2.872,5,264.0,13.0,390.3,3.16,36.962500000000006,55.8009,0,0.43210703905458553,4.948125836680054
0.09065,20.0,6.96,1,0.464,5.92,61.5,3.9175,3,223.0,18.6,391.34,13.65,20.7,35.0464,3,0.08677384878203846,3.4966216216216215
0.29916,20.0,6.96,0,0.464,5.856,42.1,4.429,3,223.0,18.6,388.65,13.0,21.1,34.292736,2,0.26171790177397086,3.6031420765027327
0.16211,20.0,6.96,0,0.464,6.24,16.3,4.429,3,223.0,18.6,396.9,6.59,25.2,38.9376,1,0.1502373183211034,4.038461538461538
0.1146,20.0,6.96,0,0.464,6.538,58.7,3.9175,3,223.0,18.6,394.96,7.73,24.4,42.745444000000006,1,0.10849559615329891,3.7320281431630464
0.22188,20.0,6.96,1,0.464,7.691,51.8,4.3665,3,223.0,18.6,390.77,6.58,35.2,59.151481,1,0.2003906562548323,4.576778052268886
0.05644,31.25,6.41,1,0.447,6.758,32.9,4.0776,4,254.0,17.6,396.9,3.53,32.4,45.670564,0,0.05490476516928596,4.794317845516424
0.09604,31.25,6.41,0,0.447,6.854,42.8,4.2673,4,254.0,17.6,396.9,2.98,32.0,46.977316,0,0.09170368421021316,4.668806536329151
0.10469,31.25,6.41,1,0.447,7.267,49.0,4.7872,4,254.0,17.6,389.25,6.05,33.2,52.80928900000001,0,0.09956475262374566,4.568597770744462
0.06127,31.25,6.41,1,0.447,6.826,27.6,4.8628,4,254.0,17.6,393.45,4.16,33.1,46.594275999999994,0,0.059466304166666525,4.8491063580427785
0.07978,31.25,6.41,0,0.447,6.482,32.1,4.1403,4,254.0,17.6,396.9,7.19,29.1,42.016324000000004,1,0.07675731668200717,4.489355137303302
0.21038,20.0,3.33,0,0.4429,6.812,32.2,4.1007,5,216.0,14.9,396.9,4.85,35.1,46.403344000000004,0,0.19093435989217727,5.152671755725191
0.03578,20.0,3.33,0,0.4429,7.730500000000001,64.5,4.6947,5,216.0,14.9,387.31,3.76,36.962500000000006,59.76063025000001,0,0.035154766074375454,4.781385421382835
0.03705,20.0,3.33,0,0.4429,6.968,37.2,5.2447,5,216.0,14.9,392.23,4.59,35.4,48.553024,0,0.0363801440927505,5.08036739380023
0.06129,20.0,3.33,1,0.4429,7.645,49.7,5.2119,5,216.0,14.9,377.07,3.01,36.962500000000006,58.44602499999999,0,0.05948514933476599,4.834859385219098
0.01501,31.25,1.21,1,0.401,7.730500000000001,24.8,5.885,1,198.0,13.6,395.52,3.16,36.962500000000006,59.76063025000001,0,0.014898464661966655,4.781385421382835
0.00906,31.25,2.97,0,0.4,7.088,20.8,7.3073,1,285.0,15.3,394.72,7.85,32.2,50.239744,1,0.00901920442015993,4.542889390519187
0.01096,31.25,2.25,0,0.389,6.453,31.9,7.3073,1,300.0,15.3,394.72,8.23,22.0,41.641209,1,0.010900374468288253,3.409267007593367
0.01965,31.25,1.76,0,0.385,6.23,31.5,9.0892,1,241.0,18.2,344.10624999999993,12.93,20.1,38.812900000000006,2,0.01945943115621908,3.226324237560193
0.03871,31.25,5.32,0,0.405,6.209,31.3,7.3172,6,293.0,16.6,396.9,7.14,23.2,38.551680999999995,1,0.03797955862417436,3.7365115155419555
0.0459,31.25,5.32,0,0.405,6.315,45.6,7.3172,6,293.0,16.6,396.9,7.6,22.3,39.879225000000005,1,0.044877758778085454,3.531274742676168
0.04297,31.25,5.32,0,0.405,6.565,22.9,7.3172,6,293.0,16.6,371.72,9.51,24.8,43.099225000000004,1,0.04207241242184152,3.7776085300837776
0.03502,31.25,4.95,0,0.411,6.861,27.9,5.1167,4,245.0,19.2,396.9,3.33,28.5,47.073321,0,0.03442075020213025,4.153913423699169
0.07886,31.25,4.95,0,0.411,7.148,27.7,5.1167,4,245.0,19.2,396.9,3.56,36.962500000000006,51.093903999999995,0,0.07590492808946425,5.171026860660326
0.03615,31.25,4.95,0,0.411,6.63,23.4,5.1167,4,245.0,19.2,396.9,4.7,27.9,43.9569,0,0.03551192100135957,4.208144796380091
0.08265,0.0,13.92,0,0.437,6.127,18.4,5.5027,4,289.0,16.0,396.9,8.58,23.9,37.540129,1,0.07941173942416169,3.900767096458299
0.08199,0.0,13.92,0,0.437,6.009,42.3,5.5027,4,289.0,16.0,396.9,10.4,21.7,36.108081000000006,2,0.07880193823740345,3.611249791978698
0.12932,0.0,13.92,0,0.437,6.678,31.1,5.9604,4,289.0,16.0,396.9,6.27,28.6,44.595684,0,0.12161568167655971,4.282719377059
0.05372,0.0,13.92,0,0.437,6.549,51.0,5.9604,4,289.0,16.0,392.85,7.39,27.1,42.88940100000001,1,0.052326760177767426,4.138036341426172
0.14103,0.0,13.92,0,0.437,5.79,58.0,6.32,4,289.0,16.0,396.9,15.84,20.3,33.5241,3,0.13193136325997015,3.5060449050086357
0.06466,31.25,2.24,0,0.4,6.345,20.1,7.8278,5,358.0,14.8,368.24,4.97,22.5,40.259024999999994,0,0.06265549936434228,3.546099290780142
0.05561,31.25,2.24,0,0.4,7.041,10.0,7.8278,5,358.0,14.8,371.58,4.74,29.0,49.575681,0,0.054118798887496024,4.1187331344979405
0.04417,31.25,2.24,0,0.4,6.871,47.4,7.8278,5,358.0,14.8,390.86,6.07,24.8,47.210641,0,0.04322231145326899,3.609372725949643
0.03537,31.25,6.09,0,0.433,6.59,40.4,5.4917,7,329.0,16.1,395.75,9.5,22.0,43.4281,1,0.03475885075645489,3.3383915022761763
0.09266,31.25,6.09,0,0.433,6.495,18.4,5.4917,7,329.0,16.1,383.61,8.67,26.4,42.185025,1,0.0886150903536463,4.064665127020785
0.1,31.25,6.09,0,0.433,6.982,17.7,5.4917,7,329.0,16.1,390.43,4.86,33.1,48.748324000000004,0,0.09531017980432487,4.740761959323976
0.05515,31.25,2.18,0,0.472,7.236,41.1,4.022,7,222.0,18.4,393.68,6.93,36.1,52.359696,1,0.05368293691618483,4.988944168048646
0.05479,31.25,2.18,0,0.472,6.616,58.1,3.37,7,222.0,18.4,393.36,8.93,28.4,43.77145599999999,1,0.053341694981823305,4.292623941958888
0.07503,31.25,2.18,0,0.472,7.42,71.9,3.0992,7,222.0,18.4,396.9,6.47,33.4,55.0564,1,0.07234856816697788,4.501347708894879
0.04932,31.25,2.18,0,0.472,6.849,70.3,3.1827,7,222.0,18.4,396.9,7.53,28.2,46.908801000000004,1,0.04814233532601414,4.117389399912396
0.49298,0.0,9.9,0,0.544,6.635,82.5,3.3175,4,304.0,18.4,396.9,4.54,22.8,44.023225,0,0.4007741226200408,3.436322532027129
0.3494,0.0,9.9,0,0.544,5.972,76.7,3.1025,4,304.0,18.4,396.24,9.97,20.3,35.664784000000004,2,0.29966004921118794,3.3991962491627596
2.63548,0.0,9.9,0,0.544,4.973,37.8,2.5194,4,304.0,18.4,350.45,12.64,16.1,24.730729,2,1.290741151786282,3.2374824049869297
0.79041,0.0,9.9,0,0.544,6.122,52.8,2.6403,4,304.0,18.4,396.9,5.98,22.1,37.478884,0,0.5824446439039829,3.6099313949689646
0.26169,0.0,9.9,0,0.544,6.023,90.4,2.834,4,304.0,18.4,396.3,11.72,19.4,36.276529,2,0.2324520921057716,3.2209862194919476
0.26938,0.0,9.9,0,0.544,6.266,82.8,3.2628,4,304.0,18.4,393.39,7.9,21.6,39.262756,1,0.23852859229108633,3.4471752314075967
0.3692,0.0,9.9,0,0.544,6.567,87.3,3.6023,4,304.0,18.4,395.69,9.28,23.8,43.125489,1,0.3142266276738932,3.62418151362875
0.25356,0.0,9.9,0,0.544,5.705,77.7,3.945,4,304.0,18.4,396.42,11.5,16.2,32.547025,2,0.22598750344594104,2.8396143733567043
0.31827,0.0,9.9,0,0.544,5.914,83.2,3.9986,4,304.0,18.4,390.7,18.33,17.8,34.975395999999996,4,0.27632027094240774,3.0098072370645927
0.24522,0.0,9.9,0,0.544,5.782,71.7,4.0317,4,304.0,18.4,396.9,15.94,19.8,33.431524,3,0.21931222113316776,3.4244206157039088
0.40202,0.0,9.9,0,0.544,6.382,67.2,3.5325,4,304.0,18.4,395.21,10.36,23.1,40.729924,2,0.3379140538458848,3.6195549984330935
0.47547,0.0,9.9,0,0.544,6.113,58.8,4.0019,4,304.0,18.4,396.23,12.73,21.0,37.36876900000001,2,0.3889765831033406,3.4353018158023882
0.1676,0.0,7.38,0,0.493,6.426,52.3,4.5404,5,287.0,19.6,396.9,7.2,23.8,41.293476000000005,1,0.15495035999782264,3.7037037037037037
0.18159,0.0,7.38,0,0.493,6.376,54.3,4.5404,5,287.0,19.6,396.9,6.87,23.1,40.653376,1,0.1668609890983406,3.622961104140527
0.35114,0.0,7.38,0,0.493,6.041,49.9,4.7211,5,287.0,19.6,396.9,7.7,20.4,36.493681,1,0.3009486805521662,3.376924350273133
0.28392,0.0,7.38,0,0.493,5.708,74.3,4.7211,5,287.0,19.6,391.13,11.74,18.5,32.581264000000004,2,0.24991789803076372,3.2410651716888577
0.34109,0.0,7.38,0,0.493,6.415,40.1,4.7211,5,287.0,19.6,396.9,6.12,25.0,41.152225,0,0.29348271614145116,3.897116134060795
0.19186,0.0,7.38,0,0.493,6.431,14.7,5.4159,5,287.0,19.6,393.68,5.08,24.6,41.357761,0,0.17551511208097656,3.8252215829575498
0.30347,0.0,7.38,0,0.493,6.312,28.9,5.4159,5,287.0,19.6,396.9,6.15,23.0,39.84134400000001,0,0.26502993916684736,3.643852978453739
0.24103,0.0,7.38,0,0.493,6.083,43.7,5.4159,5,287.0,19.6,396.9,12.79,22.2,37.002889,2,0.21594167998346536,3.649515041920105
0.06617,0.0,3.24,0,0.46,5.868,25.8,5.2146,4,430.0,16.9,382.44,9.97,19.3,34.433424,2,0.06407278770058891,3.289025221540559
0.06724,0.0,3.24,0,0.46,6.333,17.2,5.2146,4,430.0,16.9,375.21,7.34,22.6,40.106889,1,0.06507587673618768,3.568608874151271
0.04544,0.0,3.24,0,0.46,6.144,32.2,5.8736,4,430.0,16.9,368.57,9.09,19.8,37.748736,1,0.04443784943056829,3.22265625
0.05023,31.25,6.06,0,0.4379,5.706,28.4,6.6407,1,304.0,16.9,394.02,12.43,17.1,32.55843600000001,2,0.049009187801052775,2.996845425867508
0.03466,31.25,6.06,0,0.4379,6.031,23.3,6.6407,1,304.0,16.9,362.25,7.83,19.4,36.372961,1,0.03407287033313542,3.216713646161499
0.05083,0.0,5.19,0,0.515,6.316,38.1,6.4584,5,224.0,20.2,389.71,5.68,22.2,39.891856,0,0.049580328098150495,3.514882837238759
0.03738,0.0,5.19,0,0.515,6.31,38.5,6.4584,5,224.0,20.2,389.4,6.75,20.7,39.81609999999999,1,0.03669830378267371,3.2805071315372425
0.03961,0.0,5.19,0,0.515,6.037,34.5,5.9853,5,224.0,20.2,396.9,8.01,21.1,36.445369,1,0.03884564282319823,3.4951134669537853
0.03427,0.0,5.19,0,0.515,5.869,46.3,5.2311,5,224.0,20.2,396.9,9.8,19.5,34.445161,2,0.03369586385672553,3.3225421707275515
0.03041,0.0,5.19,0,0.515,5.895,59.6,5.615,5,224.0,20.2,394.81,10.56,18.5,34.751025,2,0.029956781289803308,3.1382527565733676
0.03306,0.0,5.19,0,0.515,6.059,37.3,4.8122,5,224.0,20.2,396.14,8.51,20.6,36.711481,1,0.032525271703396835,3.399900973758046
0.05497,0.0,5.19,0,0.515,5.985,45.4,4.8122,5,224.0,20.2,396.9,9.74,19.0,35.820225,2,0.05351233050476122,3.1746031746031744
0.06151,0.0,5.19,0,0.515,5.968,58.5,4.8122,5,224.0,20.2,396.9,9.29,18.7,35.617024,1,0.059692422747982164,3.133378016085791
0.01301,31.25,1.52,0,0.442,7.241,49.3,7.0379,1,284.0,15.5,394.74,5.49,32.7,52.432081,0,0.012926096886133677,4.5159508355199565
0.02498,0.0,1.89,0,0.518,6.54,59.7,6.2669,1,422.0,15.9,389.96,8.65,16.5,42.7716,1,0.024673100204884193,2.522935779816514
0.02543,31.25,3.78,0,0.484,6.696,56.4,5.7321,5,370.0,17.6,396.9,7.18,23.9,44.836416,1,0.025112036814854834,3.569295101553166
0.03049,31.25,3.78,0,0.484,6.874,28.1,6.4654,5,370.0,17.6,387.97,4.61,31.2,47.251875999999996,0,0.030034417274121015,4.538842013383765
0.03113,0.0,4.39,0,0.442,6.014,48.5,8.0136,3,352.0,18.8,385.64,10.53,17.5,36.168196,2,0.030655288259616865,2.909876953774526
0.06162,0.0,4.39,0,0.442,5.898,52.3,8.0136,3,352.0,18.8,364.61,12.67,17.2,34.786404,2,0.05979604334596572,2.9162427941675144
0.0187,31.25,4.15,0,0.429,6.516,27.7,8.5353,4,351.0,17.9,392.43,6.36,23.1,42.458256,1,0.018527304613883622,3.5451197053407
0.01501,31.25,2.01,0,0.435,6.635,29.7,8.344,4,280.0,17.0,390.94,5.99,24.5,44.023225,0,0.014898464661966655,3.6925395629238884
0.02899,31.25,1.25,0,0.429,6.939,34.5,8.7921,1,335.0,19.7,389.85,5.89,26.6,48.149721,0,0.028577738631707327,3.8334053898256233
0.06211,31.25,1.25,0,0.429,6.49,44.4,8.7921,1,335.0,19.7,396.9,5.98,22.9,42.1201,0,0.06025749561032605,3.528505392912172
0.0795,31.25,1.69,0,0.411,6.579,35.9,9.820800000000002,4,411.0,18.3,370.78,5.49,24.1,43.283241,0,0.07649797097272498,3.6631706946344433
0.07244,31.25,1.69,0,0.411,5.884,18.5,9.820800000000002,4,411.0,18.3,392.33,7.79,18.6,34.621456,1,0.06993642619916386,3.1611148878314075
0.01709,31.25,2.02,0,0.41,6.728,36.1,9.820800000000002,5,187.0,17.0,384.46,4.5,30.1,45.265983999999996,0,0.016945608726141724,4.47384066587396
0.04301,31.25,1.91,0,0.413,5.663,21.9,9.820800000000002,4,334.0,22.0,382.8,8.05,18.2,32.069569,1,0.042110763700381956,3.213844252163164
0.10659,31.25,1.91,0,0.413,5.936,19.5,9.820800000000002,4,334.0,22.0,376.04,5.57,20.6,35.236095999999996,0,0.10128321475208404,3.470350404312669
8.98296,0.0,18.1,1,0.77,6.212,97.4,2.1222,24,666.0,20.2,377.73,17.6,17.8,38.588944,3,2.3008796395346813,2.865421764327109
3.8497,0.0,18.1,1,0.77,6.395,91.0,2.5052,24,666.0,20.2,391.34,13.27,21.7,40.896024999999995,2,1.578916847366148,3.393275996872557
5.20177,0.0,18.1,1,0.77,6.127,83.4,2.7227,24,666.0,20.2,395.43,11.48,22.7,37.540129,2,1.8248347351792473,3.7049126815733637
4.26131,0.0,18.1,0,0.77,6.112,81.3,2.5091,24,666.0,20.2,390.74,12.67,22.6,37.356544,2,1.6603800451716153,3.6976439790575917
4.54192,0.0,18.1,0,0.77,6.398,88.0,2.5182,24,666.0,20.2,374.56,7.79,25.0,40.934403999999994,1,1.7123410111146564,3.9074710847139733
3.83684,0.0,18.1,0,0.77,6.251,91.1,2.2955,24,666.0,20.2,350.65,14.19,19.9,39.07500100000001,3,1.5762616149393935,3.18349064149736
3.67822,0.0,18.1,0,0.77,5.362,96.2,2.1036,24,666.0,20.2,380.79,10.19,20.8,28.751044,2,1.5429176957008952,3.879149571055576
4.22239,0.0,18.1,1,0.77,5.803,89.0,1.9047,24,666.0,20.2,353.04,14.64,16.8,33.674808999999996,3,1.6529551515173315,2.8950542822677927
3.47428,0.0,18.1,1,0.718,7.730500000000001,82.9,1.9047,24,666.0,20.2,354.55,5.29,21.9,59.76063025000001,0,1.4983454449272653,2.832934480305284
4.55587,0.0,18.1,0,0.718,4.778499999999999,87.9,1.6132,24,666.0,20.2,354.7,7.12,27.5,22.83406224999999,1,1.7148550264902072,5.7549440200899875
3.69695,0.0,18.1,0,0.718,4.963,91.4,1.7523,24,666.0,20.2,344.10624999999993,14.0,21.9,24.631369,3,1.5469133618955864,4.412653636913157
9.06963875,0.0,18.1,0,0.631,4.778499999999999,100.0,1.5106,24,666.0,20.2,344.10624999999993,13.33,23.1,22.83406224999999,2,2.3095248322041675,4.83415297687559
4.89822,0.0,18.1,0,0.631,4.97,100.0,1.3325,24,666.0,20.2,375.52,3.26,36.962500000000006,24.700899999999997,0,1.7746506104773532,7.437122736418512
5.66998,0.0,18.1,1,0.631,6.683,96.8,1.3567,24,666.0,20.2,375.33,3.73,36.962500000000006,44.662489,0,1.8976168614222872,5.530824480023942
6.53876,0.0,18.1,1,0.631,7.016,97.5,1.2024,24,666.0,20.2,392.05,2.96,36.962500000000006,49.224256,0,2.020057712262034,5.2683152793614605
9.06963875,0.0,18.1,0,0.631,6.216,100.0,1.1691,24,666.0,20.2,366.15,9.53,36.962500000000006,38.638656000000005,1,2.3095248322041675,5.946348133848135
8.26725,0.0,18.1,1,0.668,5.875,89.6,1.1296,24,666.0,20.2,347.88,8.88,36.962500000000006,34.515625,1,2.226486679687524,6.291489361702129
9.06963875,0.0,18.1,0,0.668,4.906,100.0,1.1742,24,666.0,20.2,396.9,31.962500000000006,13.8,24.068835999999997,4,2.3095248322041675,2.812882185079495
9.06963875,0.0,18.1,0,0.668,4.778499999999999,100.0,1.137,24,666.0,20.2,396.9,31.962500000000006,13.8,22.83406224999999,4,2.3095248322041675,2.8879355446269757
9.06963875,0.0,18.1,0,0.671,7.313,97.9,1.3163,24,666.0,20.2,396.9,13.44,15.0,53.479969,3,2.3095248322041675,2.0511418022699304
9.06963875,0.0,18.1,0,0.671,6.649,93.3,1.3449,24,666.0,20.2,363.02,23.24,13.9,44.209201,4,2.3095248322041675,2.0905399308166643
9.06963875,0.0,18.1,0,0.671,6.794,98.8,1.358,24,666.0,20.2,396.9,21.24,13.3,46.158435999999995,4,2.3095248322041675,1.957609655578452
9.06963875,0.0,18.1,0,0.671,6.38,96.2,1.3861,24,666.0,20.2,396.9,23.69,13.1,40.7044,4,2.3095248322041675,2.053291536050157
9.06963875,0.0,18.1,0,0.671,6.223,100.0,1.3861,24,666.0,20.2,393.74,21.78,10.2,38.725729,4,2.3095248322041675,1.6390808291820664
9.06963875,0.0,18.1,0,0.671,6.968,91.9,1.4165,24,666.0,20.2,396.9,17.21,10.4,48.553024,3,2.3095248322041675,1.492537313432836
9.06963875,0.0,18.1,0,0.671,6.545,99.1,1.5192,24,666.0,20.2,396.9,21.08,10.9,42.837025,4,2.3095248322041675,1.6653934300993125
9.06963875,0.0,18.1,0,0.7,5.536,100.0,1.5804,24,666.0,20.2,396.9,23.6,11.3,30.647295999999997,4,2.3095248322041675,2.041184971098266
7.99248,0.0,18.1,0,0.7,5.52,100.0,1.5331,24,666.0,20.2,396.9,24.56,12.3,30.470399999999994,4,2.19638867250955,2.2282608695652177
9.06963875,0.0,18.1,0,0.7,4.778499999999999,91.2,1.4395,24,666.0,20.2,344.10624999999993,30.63,8.8,22.83406224999999,4,2.3095248322041675,1.8415820864287962
9.06963875,0.0,18.1,0,0.7,5.277,98.1,1.4261,24,666.0,20.2,396.9,30.81,7.2,27.846729,4,2.3095248322041675,1.3644115974985787
9.06963875,0.0,18.1,0,0.7,4.778499999999999,100.0,1.4672,24,666.0,20.2,396.9,28.28,10.5,22.83406224999999,4,2.3095248322041675,2.197342262216177
9.06963875,0.0,18.1,0,0.7,5.0,89.5,1.5184,24,666.0,20.2,396.9,31.962500000000006,7.4,25.0,4,2.3095248322041675,1.48
9.06963875,0.0,18.1,0,0.7,4.88,100.0,1.5895,24,666.0,20.2,372.92,30.62,10.2,23.8144,4,2.3095248322041675,2.0901639344262293
8.15174,0.0,18.1,0,0.7,5.39,98.9,1.7281,24,666.0,20.2,396.9,20.85,11.5,29.052099999999996,4,2.213944025142987,2.1335807050092765
6.96215,0.0,18.1,0,0.7,5.713,97.0,1.9265,24,666.0,20.2,394.43,17.11,15.1,32.638369000000004,3,2.0746990638882306,2.643094696306669
5.29305,0.0,18.1,0,0.7,6.051,82.5,2.1678,24,666.0,20.2,378.38,18.76,23.2,36.614601,4,1.8394458498493202,3.8340770120641214
9.06963875,0.0,18.1,0,0.7,5.036,97.0,1.77,24,666.0,20.2,396.9,25.68,9.7,25.361295999999996,4,2.3095248322041675,1.926131850675139
8.64476,0.0,18.1,0,0.693,6.193,92.6,1.7912,24,666.0,20.2,396.9,15.17,13.8,38.353249,3,2.266414762688843,2.228322299370257
9.06963875,0.0,18.1,0,0.693,5.887,94.7,1.7821,24,666.0,20.2,396.9,16.35,12.7,34.656769,3,2.3095248322041675,2.157295736368269
8.71675,0.0,18.1,0,0.693,6.471,98.8,1.7257,24,666.0,20.2,391.98,17.12,13.1,41.873841,3,2.273851200420946,2.0244166280327613
5.87205,0.0,18.1,0,0.693,6.405,96.0,1.6768,24,666.0,20.2,396.9,19.37,12.5,41.024025,4,1.9274624605576969,1.95160031225605
7.67202,0.0,18.1,0,0.693,5.747,98.9,1.6334,24,666.0,20.2,393.1,19.92,8.5,33.028009,4,2.160101750967694,1.4790325387158518
9.06963875,0.0,18.1,0,0.693,5.453,100.0,1.4896,24,666.0,20.2,396.9,30.59,5.0624999999999964,29.735209000000005,4,2.3095248322041675,0.9283880432789283
9.06963875,0.0,18.1,0,0.693,5.852,77.8,1.5004,24,666.0,20.2,344.10624999999993,29.97,6.3,34.245904,4,2.3095248322041675,1.076555023923445
9.06963875,0.0,18.1,0,0.693,5.987,100.0,1.5888,24,666.0,20.2,396.9,26.77,5.6,35.844169,4,2.3095248322041675,0.9353599465508601
9.06963875,0.0,18.1,0,0.693,6.343,100.0,1.5741,24,666.0,20.2,396.9,20.32,7.2,40.233649,4,2.3095248322041675,1.1351095696042883
9.06963875,0.0,18.1,0,0.693,6.404,100.0,1.639,24,666.0,20.2,376.11,20.31,12.1,41.011216,4,2.3095248322041675,1.8894440974391005
9.06963875,0.0,18.1,0,0.693,5.349,96.0,1.7028,24,666.0,20.2,396.9,19.77,8.3,28.611801000000003,4,2.3095248322041675,1.5516919050289775
9.06963875,0.0,18.1,0,0.693,5.531,85.4,1.6074,24,666.0,20.2,344.10624999999993,27.38,8.5,30.591960999999998,4,2.3095248322041675,1.536792623395408
9.06963875,0.0,18.1,0,0.693,5.683,100.0,1.4254,24,666.0,20.2,384.97,22.98,5.0624999999999964,32.296489,4,2.3095248322041675,0.890814710540207
9.06963875,0.0,18.1,0,0.659,4.778499999999999,100.0,1.1781,24,666.0,20.2,370.22,23.34,11.9,22.83406224999999,4,2.3095248322041675,2.4903212305116673
9.06963875,0.0,18.1,0,0.659,5.608,100.0,1.2852,24,666.0,20.2,344.10624999999993,12.13,27.9,31.449663999999995,2,2.3095248322041675,4.9750356633380886
7.40389,0.0,18.1,0,0.597,5.617,97.9,1.4547,24,666.0,20.2,344.10624999999993,26.4,17.2,31.550689,4,2.1286946938918567,3.062132811109133
9.06963875,0.0,18.1,0,0.597,6.852,100.0,1.4655,24,666.0,20.2,344.10624999999993,19.78,27.5,46.949904000000004,4,2.3095248322041675,4.013426736719206
9.06963875,0.0,18.1,0,0.597,5.757,100.0,1.413,24,666.0,20.2,344.10624999999993,10.11,15.0,33.143049,2,2.3095248322041675,2.6055237102657633
9.06963875,0.0,18.1,0,0.597,6.657,100.0,1.5275,24,666.0,20.2,344.10624999999993,21.22,17.2,44.315649,4,2.3095248322041675,2.583746432326874
9.06963875,0.0,18.1,0,0.597,4.778499999999999,100.0,1.5539,24,666.0,20.2,344.10624999999993,31.962500000000006,17.9,22.83406224999999,4,2.3095248322041675,3.7459453803494824
9.06963875,0.0,18.1,0,0.597,5.155,100.0,1.5894,24,666.0,20.2,344.10624999999993,20.08,16.3,26.574025000000002,4,2.3095248322041675,3.1619786614936953
9.06963875,0.0,18.1,0,0.693,4.778499999999999,100.0,1.6582,24,666.0,20.2,344.10624999999993,31.962500000000006,7.0,22.83406224999999,4,2.3095248322041675,1.4648948414774512
9.06963875,0.0,18.1,0,0.679,6.434,100.0,1.8347,24,666.0,20.2,344.10624999999993,29.05,7.2,41.396356000000004,4,2.3095248322041675,1.1190550202051601
9.06963875,0.0,18.1,0,0.679,6.782,90.8,1.8195,24,666.0,20.2,344.10624999999993,25.79,7.5,45.995524,4,2.3095248322041675,1.1058684753759953
9.06963875,0.0,18.1,0,0.679,5.304,89.1,1.6475,24,666.0,20.2,344.10624999999993,26.64,10.4,28.132416000000003,4,2.3095248322041675,1.9607843137254901
9.06963875,0.0,18.1,0,0.679,5.957,100.0,1.8026,24,666.0,20.2,344.10624999999993,20.62,8.8,35.485849,4,2.3095248322041675,1.4772536511666947
9.06963875,0.0,18.1,0,0.718,6.824,76.5,1.794,24,666.0,20.2,344.10624999999993,22.74,8.4,46.566976,4,2.3095248322041675,1.2309495896834701
9.06963875,0.0,18.1,0,0.718,6.411,100.0,1.8589,24,666.0,20.2,344.10624999999993,15.02,16.7,41.10092099999999,3,2.3095248322041675,2.6048978318515053
7.02259,0.0,18.1,0,0.718,6.006,95.3,1.8746,24,666.0,20.2,344.10624999999993,15.7,14.2,36.072036000000004,3,2.0822613123870632,2.364302364302364
9.06963875,0.0,18.1,0,0.614,5.648,87.6,1.9512,24,666.0,20.2,344.10624999999993,14.1,20.8,31.899903999999996,3,2.3095248322041675,3.68271954674221
7.05042,0.0,18.1,0,0.614,6.103,85.1,2.0218,24,666.0,20.2,344.10624999999993,23.29,13.4,37.246609,4,2.085724263982504,2.195641487792889
8.79212,0.0,18.1,0,0.584,5.565,70.6,2.0635,24,666.0,20.2,344.10624999999993,17.16,11.7,30.969225000000005,3,2.2815779805968406,2.1024258760107815
9.06963875,0.0,18.1,0,0.679,5.896,95.4,1.9096,24,666.0,20.2,344.10624999999993,24.39,8.3,34.762816,4,2.3095248322041675,1.4077340569877885
9.06963875,0.0,18.1,0,0.584,5.837,59.7,1.9976,24,666.0,20.2,344.10624999999993,15.69,10.2,34.070569,3,2.3095248322041675,1.7474730169607675
9.06963875,0.0,18.1,0,0.679,6.202,78.7,1.8629,24,666.0,20.2,344.10624999999993,14.52,10.9,38.464804,3,2.3095248322041675,1.7574975814253466
7.36711,0.0,18.1,0,0.679,6.193,78.1,1.9356,24,666.0,20.2,344.10624999999993,21.52,11.0,38.353249,4,2.1243085441136205,1.7761989342806395
9.06963875,0.0,18.1,0,0.679,6.38,95.6,1.9682,24,666.0,20.2,344.10624999999993,24.08,9.5,40.7044,4,2.3095248322041675,1.4890282131661443
8.49213,0.0,18.1,0,0.584,6.348,86.1,2.0527,24,666.0,20.2,344.10624999999993,17.64,14.5,40.297104,3,2.2504630342235155,2.2841839949590423
9.06963875,0.0,18.1,0,0.584,6.833,94.3,2.0882,24,666.0,20.2,344.10624999999993,19.69,14.1,46.689889,4,2.3095248322041675,2.0635152934289476
6.44405,0.0,18.1,0,0.584,6.425,74.8,2.2004,24,666.0,20.2,344.10624999999993,12.03,16.1,41.280625,2,2.0074150555763612,2.505836575875487
5.58107,0.0,18.1,0,0.713,6.436,87.9,2.3158,24,666.0,20.2,344.10624999999993,16.22,14.3,41.422095999999996,3,1.8841973460987684,2.2218769422001245
9.06963875,0.0,18.1,0,0.713,6.208,95.0,2.2222,24,666.0,20.2,344.10624999999993,15.17,11.7,38.539264,3,2.3095248322041675,1.884664948453608
9.06963875,0.0,18.1,0,0.74,6.629,94.6,2.1247,24,666.0,20.2,344.10624999999993,23.27,13.4,43.94364099999999,4,2.3095248322041675,2.0214210288127923
9.06963875,0.0,18.1,0,0.74,6.461,93.3,2.0026,24,666.0,20.2,344.10624999999993,18.05,9.6,41.744521000000006,3,2.3095248322041675,1.4858381055564154
9.06963875,0.0,18.1,0,0.74,6.152,100.0,1.9142,24,666.0,20.2,344.10624999999993,26.45,8.7,37.847104,4,2.3095248322041675,1.4141742522756826
9.06963875,0.0,18.1,0,0.74,5.935,87.9,1.8206,24,666.0,20.2,344.10624999999993,31.962500000000006,8.4,35.224225,4,2.3095248322041675,1.4153327716933448
9.06963875,0.0,18.1,0,0.74,5.627,93.9,1.8172,24,666.0,20.2,396.9,22.88,12.8,31.663128999999998,4,2.3095248322041675,2.274746756708726
9.06963875,0.0,18.1,0,0.74,5.818,92.4,1.8662,24,666.0,20.2,391.45,22.11,10.5,33.849123999999996,4,2.3095248322041675,1.8047438982468202
9.06963875,0.0,18.1,0,0.74,6.406,97.2,2.0651,24,666.0,20.2,385.96,19.52,17.1,41.036835999999994,4,2.3095248322041675,2.669372463315642
5.66637,0.0,18.1,0,0.74,6.219,100.0,2.0048,24,666.0,20.2,395.69,16.59,18.4,38.675961,3,1.8970754838957269,2.958675028139572
9.06963875,0.0,18.1,0,0.74,6.485,100.0,1.9784,24,666.0,20.2,386.73,18.85,15.4,42.05522500000001,4,2.3095248322041675,2.374710871241326
9.06963875,0.0,18.1,0,0.74,5.854,96.6,1.8956,24,666.0,20.2,344.10624999999993,23.79,10.8,34.269316,4,2.3095248322041675,1.844892381277759
9.06963875,0.0,18.1,0,0.74,6.459,94.8,1.9879,24,666.0,20.2,344.10624999999993,23.98,11.8,41.718681,4,2.3095248322041675,1.82690819012231
6.28807,0.0,18.1,0,0.74,6.341,96.4,2.072,24,666.0,20.2,344.10624999999993,17.79,14.9,40.208281,3,1.9862387647413884,2.349787099826526
9.06963875,0.0,18.1,0,0.74,6.251,96.6,2.198,24,666.0,20.2,388.52,16.44,12.6,39.07500100000001,3,2.3095248322041675,2.015677491601344
9.06963875,0.0,18.1,0,0.713,6.185,98.7,2.2616,24,666.0,20.2,396.9,18.13,14.1,38.254225,4,2.3095248322041675,2.279708973322555
7.52601,0.0,18.1,0,0.713,6.417,98.3,2.185,24,666.0,20.2,344.10624999999993,19.31,13.0,41.177889,4,2.143121491225277,2.025868786037089
6.71772,0.0,18.1,0,0.713,6.749,92.6,2.3236,24,666.0,20.2,344.10624999999993,17.44,13.4,45.549001,3,2.0435189836286223,1.9854793302711515
5.44114,0.0,18.1,0,0.713,6.655,98.2,2.3552,24,666.0,20.2,355.29,17.73,15.2,44.289025,3,1.862705543083853,2.283996994740796
5.09017,0.0,18.1,0,0.713,6.297,91.8,2.3682,24,666.0,20.2,385.09,17.27,16.1,39.652209,3,1.8066759959463214,2.5567730665396224
8.24809,0.0,18.1,0,0.713,7.393,99.3,2.4527,24,666.0,20.2,375.87,16.74,17.8,54.656448999999995,3,2.224417043716578,2.4076829433247666
9.06963875,0.0,18.1,0,0.713,6.728,94.1,2.4961,24,666.0,20.2,344.10624999999993,18.71,14.9,45.265983999999996,4,2.3095248322041675,2.214625445897741
4.75237,0.0,18.1,0,0.713,6.525,86.5,2.4358,24,666.0,20.2,344.10624999999993,18.13,14.1,42.575625,4,1.749611943801969,2.160919540229885
4.66883,0.0,18.1,0,0.713,5.976,87.9,2.5806,24,666.0,20.2,344.10624999999993,19.01,12.7,35.712576,4,1.7349827472403847,2.1251673360107093
8.20058,0.0,18.1,0,0.713,5.936,80.3,2.7792,24,666.0,20.2,344.10624999999993,16.94,13.5,35.236095999999996,3,2.219266525546099,2.274258760107817
7.75223,0.0,18.1,0,0.713,6.301,83.7,2.7831,24,666.0,20.2,344.10624999999993,16.23,14.9,39.702601,3,2.1693085250418154,2.364704015235677
6.80117,0.0,18.1,0,0.713,6.081,84.4,2.7175,24,666.0,20.2,396.9,14.7,20.0,36.978561000000006,3,2.0542737224466707,3.2889327413254397
4.81213,0.0,18.1,0,0.713,6.701,90.0,2.5975,24,666.0,20.2,344.10624999999993,16.42,16.4,44.903400999999995,3,1.7599471129733726,2.447395911058051
3.69311,0.0,18.1,0,0.713,6.376,88.4,2.5671,24,666.0,20.2,391.43,14.65,17.7,40.653376,3,1.546095475702301,2.77603513174404
6.65492,0.0,18.1,0,0.713,6.317,83.0,2.7344,24,666.0,20.2,396.9,13.99,19.5,39.904489000000005,3,2.035348578369212,3.0869083425676744
5.82115,0.0,18.1,0,0.713,6.513,89.9,2.8016,24,666.0,20.2,393.82,10.29,20.2,42.419169,2,1.9200280793412094,3.1014893290342394
7.83932,0.0,18.1,0,0.655,6.209,65.4,2.9634,24,666.0,20.2,396.9,13.22,21.4,38.551680999999995,2,2.1792099506138976,3.446609760025769
3.1636,0.0,18.1,0,0.655,5.759,48.2,3.0665,24,666.0,20.2,344.10624999999993,14.13,19.9,33.166081000000005,3,1.4263800846591763,3.4554610175377665
3.77498,0.0,18.1,0,0.655,5.952,84.7,2.8715,24,666.0,20.2,344.10624999999993,17.15,19.0,35.426304,3,1.5633897854422463,3.192204301075269
4.42228,0.0,18.1,0,0.584,6.003,94.5,2.5403,24,666.0,20.2,344.10624999999993,21.32,19.1,36.036009,4,1.690516391203815,3.1817424621022825
9.06963875,0.0,18.1,0,0.58,5.926,71.0,2.9084,24,666.0,20.2,368.74,18.13,19.1,35.117476,4,2.3095248322041675,3.223084711441107
9.06963875,0.0,18.1,0,0.58,5.713,56.7,2.8237,24,666.0,20.2,396.9,14.76,20.1,32.638369000000004,3,2.3095248322041675,3.518291615613513
4.34879,0.0,18.1,0,0.58,6.167,84.0,3.0334,24,666.0,20.2,396.9,16.29,19.9,38.031889,3,1.6768703671037264,3.2268526025620234
4.03841,0.0,18.1,0,0.532,6.229,90.7,3.0993,24,666.0,20.2,395.33,12.87,19.6,38.800441,2,1.6170905561197193,3.1465724835447104
3.56868,0.0,18.1,0,0.58,6.437,75.0,2.8965,24,666.0,20.2,393.37,14.36,23.2,41.434969,3,1.5192243229211484,3.6041634301693333
4.64689,0.0,18.1,0,0.614,6.98,67.6,2.5329,24,666.0,20.2,374.68,11.66,29.8,48.720400000000005,2,1.7311049511313974,4.269340974212034
8.05579,0.0,18.1,0,0.584,5.427,95.4,2.4298,24,666.0,20.2,352.58,18.14,13.8,29.452328999999995,4,2.203404332146021,2.5428413488114985
6.39312,0.0,18.1,0,0.584,6.162,97.4,2.206,24,666.0,20.2,344.10624999999993,24.1,13.3,37.970244,4,2.000549838013637,2.1583901330736777
4.87141,0.0,18.1,0,0.614,6.484,93.6,2.3053,24,666.0,20.2,396.21,18.68,16.7,42.042256,4,1.7700948094248417,2.5755706354102403
9.06963875,0.0,18.1,0,0.614,5.304,97.3,2.1007,24,666.0,20.2,349.48,24.91,12.0,28.132416000000003,4,2.3095248322041675,2.262443438914027
9.06963875,0.0,18.1,0,0.614,6.185,96.7,2.1705,24,666.0,20.2,379.7,18.03,14.6,38.254225,3,2.3095248322041675,2.360549717057397
9.06963875,0.0,18.1,0,0.614,6.229,88.0,1.9512,24,666.0,20.2,383.32,13.11,21.4,38.800441,2,2.3095248322041675,3.435543425911061
5.82401,0.0,18.1,0,0.532,6.242,64.7,3.4242,24,666.0,20.2,396.9,10.74,23.0,38.962564,2,1.9204472756044826,3.6847164370394103
5.70818,0.0,18.1,0,0.532,6.75,74.9,3.3317,24,666.0,20.2,393.07,7.74,23.7,45.5625,1,1.9033276772324317,3.511111111111111
5.73116,0.0,18.1,0,0.532,7.061,77.0,3.4106,24,666.0,20.2,395.28,7.01,25.0,49.857721,1,1.9067474913596385,3.540574989378275
2.81838,0.0,18.1,0,0.532,5.762,40.3,4.0983,24,666.0,20.2,392.92,10.42,21.8,33.200644,2,1.3398262488998969,3.78340853870184
2.37857,0.0,18.1,0,0.583,5.871,41.9,3.724,24,666.0,20.2,370.73,13.34,20.6,34.468641000000005,3,1.2174525430495582,3.508771929824561
3.67367,0.0,18.1,0,0.583,6.312,51.9,3.9917,24,666.0,20.2,388.62,10.58,21.2,39.84134400000001,2,1.5419446302865207,3.3586818757921417
5.69175,0.0,18.1,0,0.583,6.114,79.8,3.5459,24,666.0,20.2,392.68,14.98,19.1,37.380995999999996,3,1.9008754243872985,3.1239777559699053
4.83567,0.0,18.1,0,0.583,5.905,53.2,3.1523,24,666.0,20.2,388.22,11.45,20.6,34.869025,2,1.763989083482614,3.4885690093141406
0.15086,0.0,27.74,0,0.609,5.454,92.7,1.8209,4,711.0,20.1,395.09,18.06,15.2,29.746115999999997,3,0.14050948897951462,2.786945361202787
0.18337,0.0,27.74,0,0.609,5.414,98.3,1.7554,4,711.0,20.1,344.10624999999993,23.97,7.0,29.311396,4,0.16836630025465413,1.2929442186922793
0.20746,0.0,27.74,0,0.609,5.093,98.0,1.8226,4,711.0,20.1,344.10624999999993,29.68,8.1,25.938648999999998,4,0.18851897970190706,1.5904182210877675
0.10574,0.0,27.74,0,0.609,5.983,98.8,1.8681,4,711.0,20.1,390.11,18.07,13.6,35.796288999999994,4,0.10051479408986369,2.273107136887849
0.11132,0.0,27.74,0,0.609,5.983,83.5,2.1099,4,711.0,20.1,396.9,13.35,20.1,35.796288999999994,3,0.10554849798804089,3.3595186361357183
0.17331,0.0,9.69,0,0.585,5.707,54.0,2.3817,6,391.0,19.2,396.9,12.01,21.8,32.569849,2,0.1598288143805233,3.819870334676713
0.27957,0.0,9.69,0,0.585,5.926,42.6,2.3817,6,391.0,19.2,396.9,13.59,24.5,35.117476,3,0.24652408399188336,4.1343233209584875
0.17899,0.0,9.69,0,0.585,5.67,28.8,2.7986,6,391.0,19.2,393.29,17.6,23.1,32.1489,3,0.16465813975505655,4.074074074074074
0.2896,0.0,9.69,0,0.585,5.39,72.9,2.7986,6,391.0,19.2,396.9,21.14,19.7,29.052099999999996,4,0.2543320927702268,3.654916512059369
0.26838,0.0,9.69,0,0.585,5.794,70.6,2.8927,6,391.0,19.2,396.9,14.1,18.3,33.570435999999994,3,0.23774049566117803,3.158439765274422
0.23912,0.0,9.69,0,0.585,6.019,65.3,2.4091,6,391.0,19.2,396.9,12.92,21.2,36.228361,2,0.21440145025736632,3.522179764080412
0.17783,0.0,9.69,0,0.585,5.569,73.5,2.3999,6,391.0,19.2,395.77,15.1,17.5,31.013761,3,0.16367376242147158,3.1423954031244388
0.22438,0.0,9.69,0,0.585,6.027,79.7,2.4982,6,391.0,19.2,396.9,14.33,16.8,36.324729000000005,3,0.2024345934245115,2.7874564459930316
0.06263,0.0,11.93,0,0.573,6.593,69.1,2.4786,1,273.0,21.0,391.99,9.67,22.4,43.467649,2,0.06074696727310071,3.397542848475656
0.04527,0.0,11.93,0,0.573,6.12,76.7,2.2875,1,273.0,21.0,396.9,9.08,20.6,37.4544,1,0.0442752252499075,3.366013071895425
0.06076,0.0,11.93,0,0.573,6.976,91.0,2.1675,1,273.0,21.0,396.9,5.64,23.9,48.664576,0,0.058985632347870916,3.426032110091743
0.10959,0.0,11.93,0,0.573,6.794,89.3,2.3889,1,273.0,21.0,393.45,6.48,22.0,46.158435999999995,1,0.10399057772120508,3.238151309979394
0.04741,0.0,11.93,0,0.573,6.03,80.8,2.505,1,273.0,21.0,396.9,7.88,11.9,36.3609,1,0.04632045026850427,1.9734660033167495
